<?xml version="1.0" encoding="UTF-8"?>
<antlib xmlns:c="ant:current">
<!--
   |~~~~~~~~~~~~~~~~~~~~~~~~~~~~~~~~~~~~~~~~~~~~~~~~~~~~~~~~~~~~~~~~~~~~~~~~|
   | The public AntXtras test-related tasks, macro, and type definitions.   |
   |                                                                        |
   | (c) 2009-2012 Sandbox Software MC. All rights reserved.                |
   |________________________________________________________________________|
   -->

    <!--
       | AntXtras Test TYPES
      -->

    <typedef name="errorsnapshot"   classname="org.jwaresoftware.antxtras.core.ErrorSnapshot"/>
    <typedef name="isalive"         classname="org.jwaresoftware.antxtras.condition.IsAlive"/>


    <!--
       | AntXtras Test TASKS
      -->

    <taskdef name="assertlogged"    classname="org.jwaresoftware.antxtras.capture.AssertLoggedTask"/>
    <taskdef name="assume"          classname="org.jwaresoftware.antxtras.rules.AssertTask"/>
    <taskdef name="never"           classname="org.jwaresoftware.antxtras.rules.NeverTask"/>
    <taskdef name="printbundle"     classname="org.jwaresoftware.antxtras.messages.PrintBundleTask"/>
    <taskdef name="printenv"        classname="org.jwaresoftware.antxtras.print.PrintEnvTask"/>


    <!--
       | AntXtras Common Variants
      -->

    <presetdef name="assertoutput">
      <c:assertlogged from="stdio"/>
    </presetdef>

</antlib>

<!-- $Id: antlib-unit.xml 1482 2012-08-19 17:52:17Z ssmc $ -->
