<?xml version="1.0" encoding="UTF-8"?>
<antlib xmlns:c="ant:current">
<!--
   |~~~~~~~~~~~~~~~~~~~~~~~~~~~~~~~~~~~~~~~~~~~~~~~~~~~~~~~~~~~~~~~~~~~~~~~~|
   | The public AntXtras tasks, macro, and type definitions in alpha order. |
   |                                                                        |
   | (c) 2004-2005,2007-2012 Sandbox Software MC. All rights reserved.      |
   |________________________________________________________________________|
   -->

    <!--
       | AntXtras Core TYPES
      -->

    <typedef name="parameters"      classname="org.jwaresoftware.antxtras.types.Parameters"/>


    <!--
       | AntXtras Core TASKS
      -->

    <taskdef name="always"          classname="org.jwaresoftware.antxtras.flowcontrol.wrap.AlwaysTask"/>
    <taskdef name="assert"          classname="org.jwaresoftware.antxtras.rules.AssertTask"/>
    <taskdef name="assign"          classname="org.jwaresoftware.antxtras.variables.AssignTask"/>
    <taskdef name="callinline"      classname="org.jwaresoftware.antxtras.flowcontrol.call.CallInlineTask"/>
    <taskdef name="capturelogs"     classname="org.jwaresoftware.antxtras.capture.CaptureLogsTask"/>
    <taskdef name="copylogged"      classname="org.jwaresoftware.antxtras.capture.CopyLoggedTask"/>
    <taskdef name="copyproperty"    classname="org.jwaresoftware.antxtras.fixture.CopyPropertyTask"/>
    <taskdef name="copyreference"   classname="org.jwaresoftware.antxtras.fixture.CopyReferenceTask"/>
    <taskdef name="datadef"         classname="org.jwaresoftware.antxtras.construct.DataDefTask"/>
    <taskdef name="default"         classname="org.jwaresoftware.antxtras.flowcontrol.match.MatchAll"/>
    <taskdef name="do"              classname="org.jwaresoftware.antxtras.flowcontrol.DoTaskSet"/>
    <taskdef name="doforeach"       classname="org.jwaresoftware.antxtras.flowcontrol.call.DoForEachTaskSet"/>
    <taskdef name="domatch"         classname="org.jwaresoftware.antxtras.flowcontrol.match.DoMatchTaskSet"/>
    <taskdef name="equals"          classname="org.jwaresoftware.antxtras.flowcontrol.match.MatchEquals"/>
    <taskdef name="fallback"        classname="org.jwaresoftware.antxtras.fixture.FallbackTask"/>
    <taskdef name="fixturecheck"    classname="org.jwaresoftware.antxtras.rules.FixtureCheckTask"/>
    <taskdef name="iferror"         classname="org.jwaresoftware.antxtras.flowcontrol.wrap.IfErrorTask"/>
    <taskdef name="isolate"         classname="org.jwaresoftware.antxtras.fixture.wrap.IsolatedTaskSet"/>
    <taskdef name="like"            classname="org.jwaresoftware.antxtras.flowcontrol.match.MatchLike"/>
    <taskdef name="locals"          classname="org.jwaresoftware.antxtras.fixture.wrap.Locals"/>
    <taskdef name="managefuncuts"   classname="org.jwaresoftware.antxtras.funcuts.ManageFuncutsTask"/>
    <taskdef name="matches"         classname="org.jwaresoftware.antxtras.rules.MatchesTask"/>
    <taskdef name="meets"           classname="org.jwaresoftware.antxtras.flowcontrol.match.MatchCondition"/>
    <taskdef name="mkdirs"          classname="org.jwaresoftware.antxtras.filesystem.MkdirsTask"/>
    <taskdef name="otherwise"       classname="org.jwaresoftware.antxtras.flowcontrol.match.MatchAll"/>
    <taskdef name="overlay"         classname="org.jwaresoftware.antxtras.fixture.wrap.OverlayTaskSet"/>
    <taskdef name="protect"         classname="org.jwaresoftware.antxtras.flowcontrol.wrap.ProtectedTaskSet"/>
    <taskdef name="show"            classname="org.jwaresoftware.antxtras.starters.ShowTask"/>
    <taskdef name="tally"           classname="org.jwaresoftware.antxtras.rules.TallyTask"/>
    <taskdef name="tempdir"         classname="org.jwaresoftware.antxtras.filesystem.TempDirTask"/>
    <taskdef name="unassign"        classname="org.jwaresoftware.antxtras.variables.UnassignTask"/>
    <taskdef name="vendorinfo"      classname="org.jwaresoftware.antxtras.install.VendorInfoTask"/>


    <!--
       | AntXtras Common Variants
      -->

    <presetdef name="pathproperty">
      <c:copyproperty transform="ospath"/>
    </presetdef>

    <presetdef name="assertnot">
      <c:assert not="true"/>
    </presetdef>

    <presetdef name="true">
      <c:equals value="true"/>
    </presetdef>

    <presetdef name="macrolocals">
      <c:locals name="_macrolocals_"/>
    </presetdef>

    <presetdef name="macroisolate">
      <c:isolate block="_macrolocals_"/>
    </presetdef>

</antlib>

<!-- $Id: antlib.xml 1373 2012-07-27 11:33:08Z ssmc $ -->
