<?xml version="1.0" encoding="UTF-8" standalone="yes"?>
<antlib xmlns:c="ant:current">
<!--
   |~~~~~~~~~~~~~~~~~~~~~~~~~~~~~~~~~~~~~~~~~~~~~~~~~~~~~~~~~~~~~~~~~~~~~~~~|
   | The advanced AntXtras function shortcuts. Install after AntXtras main  |
   | components and function shortcuts have been loaded. Does not enable.   |
   | (c) 2009-2012 Sandbox Software MC. All rights reserved.                |
   |________________________________________________________________________|
   -->

  <c:managefuncuts action="install">
 
    <!--
      | Defaults and other misc. runtime-info related function shortcuts:
      -->
    <c:parameter name="default"
        value="org.jwaresoftware.antxtras.funcuts.info.DefaultsFunctionShortcut"/>
    <c:parameter name="defaultsproperty"
        value="org.jwaresoftware.antxtras.funcuts.info.DefaultsPropertyNameFunctionShortcut"/>
    <c:parameter name="oslibext"
        value="org.jwaresoftware.antxtras.funcuts.info.OSLibExtensionFunctionShortcut"/>
    <c:parameter name="vendorinfo"
        value="org.jwaresoftware.antxtras.install.VendorInfoFunctionShortcut"/>
    <c:parameter name="ext:x"
        value="org.jwaresoftware.antxtras.funcuts.info.ThrownErrorShortcuts"/>


    <!--
      | Resource-based strings funcuts:
      -->
    <c:parameter name="string"
        value="org.jwaresoftware.antxtras.messages.MessageFunctionShortcut"/>
    <c:parameter name="message"
        value="org.jwaresoftware.antxtras.messages.MessageFunctionShortcut"/>


    <!-- 
      | Short hand condition funcuts:
      -->
    <c:parameter name="istask"
        value="org.jwaresoftware.antxtras.funcuts.condition.IsXDefFunctionShortcut"/>
    <c:parameter name="istype"
        value="org.jwaresoftware.antxtras.funcuts.condition.IsXDefFunctionShortcut"/>
    <c:parameter name="isalive"
        value="org.jwaresoftware.antxtras.funcuts.condition.IsReachableFunctionShortcut"/>
    <c:parameter name="gt"
        value="org.jwaresoftware.antxtras.funcuts.condition.NumberCompareFunctionShortcuts$IsGT"/>
    <c:parameter name="gte"
        value="org.jwaresoftware.antxtras.funcuts.condition.NumberCompareFunctionShortcuts$IsGTE"/>
    <c:parameter name="lt"
        value="org.jwaresoftware.antxtras.funcuts.condition.NumberCompareFunctionShortcuts$IsLT"/>
    <c:parameter name="lte"
        value="org.jwaresoftware.antxtras.funcuts.condition.NumberCompareFunctionShortcuts$IsLTE"/>
    <c:parameter name="ext:isnumber"
        value="org.jwaresoftware.antxtras.funcuts.condition.NumberCompareFunctionShortcuts"/>


    <!--
      | Value transformer function shortcuts:
      -->
    <c:parameter name="literal"
        value="org.jwaresoftware.antxtras.funcuts.strings.LiteralFunctionShortcut"/>
    <c:parameter name="shorten"
        value="org.jwaresoftware.antxtras.funcuts.strings.ShortenFunctionShortcut"/>
    <c:parameter name="truncate"
        value="org.jwaresoftware.antxtras.funcuts.strings.TruncateFunctionShortcut"/>


    <!--
      | Id generating function shortcuts:
      -->
    <c:parameter name="random"
        value="org.jwaresoftware.antxtras.funcuts.construct.RandomFunctionShortcut"/>


    <!--
      | DateTime generating function shortcuts:
      -->
    <c:parameter name="millis"
        value="org.jwaresoftware.antxtras.funcuts.datetime.MillisecsFunctionShortcut"/>
    <c:parameter name="equaldate"
        value="org.jwaresoftware.antxtras.funcuts.datetime.EqualDateTimeFunctionShortcut"/>
    <c:parameter name="newerdate"
        value="org.jwaresoftware.antxtras.funcuts.datetime.NewerDateTimeFunctionShortcut"/>
    <c:parameter name="olderdate"
        value="org.jwaresoftware.antxtras.funcuts.datetime.OlderDateTimeFunctionShortcut"/>

  </c:managefuncuts>

</antlib>
<!-- $Id: antlib-advanced.xml 1504 2012-09-22 23:30:22Z ssmc $ -->